Workbook

Sheet Lisez-moi
A1: Chiffrage du site « L'héritage, ça se décide »
A2: La grande transmission : https://bonquentin-collab.github.io/Create-Website/
A4: Contenu
A5: Réforme : réglages modifiables (cellules jaunes) : barème sur ce que chacun reçoit dans sa vie, abattement, traitement de chaque niche.
A6: Tranches : les 14 tranches d'héritiers du CAE (2021), la composition de leurs héritages et l'impôt avant et après réforme.
A7: Calage : nombre d'héritiers et ampleur des niches, choisis pour reproduire les recettes et les coûts publiés par le CAE.
A8: Résultats : recettes de 2025 à 2040, qui suivent le flux successoral, plus les plus-values latentes.
A9: Vérification
A10: Avec les réglages par défaut (IGS), les résultats sont identiques à ceux du site (contrôle en bas de la feuille Résultats).
A11: Limites
A12: Montants par tranche lus sur les graphiques du CAE ; profils des niches supposés ; aucun effet de comportement. Voir la page Méthode du site.
A14: Chaque chiffre saisi est revérifié à la source : voir la feuille « Vérification » (type, calcul, source, statut).
... A21: Fond vert pâle : résultat principal

Sheet Réforme
A1: Réglages de la réforme (scénario IGS par défaut)
A2: Modifiez les cellules jaunes.
A4: Tranche du barème | B4: Jusqu'à (€) | C4: Taux
A5: Tranche 1 | B5: 200000 | C5: 0
A6: Tranche 2 | B6: 800000 | C6: 0.05
A7: Tranche 3 | B7: 1200000 | C7: 0.15
A8: Tranche 4 | B8: 2000000 | C8: 0.25
A9: Tranche 5 | B9: 4000000 | C9: 0.35
A10: Tranche 6 | B10: 6000000 | C10: 0.45
A11: Tranche 7 | B11: 1e+15 | C11: 0.5 | D11: La dernière tranche n'a pas de plafond (1e15).
A13: Abattement sur ce qui est reçu (€) | B13: 0
A15: Tout imposer, sans niche (1 = oui) | B15: 0 | D15: Toutes les transmissions de la vie à leur valeur réelle ; plus-values pour tous.
A16: Assurance-vie au barème (1 = oui) | B16: 1
A17: Démembrement : usufruit taxé (1 = oui) | B17: 1
A18: Pacte Dutreil : part réintégrée | B18: 0.33333333 | D18: 1 = supprimé ; 1/3 = exonération ramenée de 75 à 50 % ; 0 = maintenu.
A19: Donations anciennes et biens non déclarés comptés (1 = oui) | B19: 1
A20: Plus-values latentes : multiplicateur de la série top 1 % | B20: 1 | D20: 0 = effacées ; 1 = top 1 % ; 2 = pour tous (hypothèse).

Sheet Calage
A1: Calage sur le CAE
A2: Valeurs calculées par le site ; les contrôles recalculent les cibles.
A4: Recettes actuelles du CAE (Md€) | B4: 15
A5: Nombre d'héritiers par an (formule) | B5: =B4*1000000000/SUMPRODUCT(Tranches!$B$6:$B$19,Tranches!$F$6:$F$19) -> 1747934.5
A6: Base économique du modèle (Md€) | B6: =B5*SUMPRODUCT(Tranches!$B$6:$B$19,Tranches!$D$6:$D$19)/1000000000 -> 341.68896
A7: Part déclarée quand aucun droit n'est payé | B7: 0.6
A9: Échelle du profil assurance-vie | B9: 0.54726537
A10: Échelle du profil démembrement | B10: 0.70145161
A11: Échelle du profil Dutreil | B11: 0.78751041
A12: Abattement du droit actuel (€) | B12: 100000

Sheet Tranches
A1: Héritiers par tranche et impôt
A2: Une ligne par tranche de ce qui est reçu sur la vie (CAE, 2021).
Q4: Barème actuel
A5: Tranche | B5: Poids | C5: Net reçu (€) | D5: Brut économique (€) | E5: Taux payé (CAE) | F5: Impôt observé (€) | G5: Part déclarée | H5: Assurance-vie | I5: Démembrement | J5: Dutreil | K5: Autre | L5: Base droit actuel (€) | M5: Base réforme (€) | N5: Impôt actuel (€) | O5: Impôt réforme (€) | R5: 8072 | S5: 0.05
A6: P0-10 | B6: 0.1 | C6: 0 | D6: =C6/(1-E6) -> 0 | E6: 0 | F6: =D6*E6 -> 0 | G6: =Calage!$B$7 -> 0.6 | H6: =0.1*Calage!$B$9 -> 0.054726537 | I6: =0*Calage!$B$10 -> 0 | J6: =0*Calage!$B$11 -> 0 | K6: =1-G6-H6-I6-J6 -> 0.34527346 | L6: =D6*G6 -> 0 | M6: =IF(Réforme!$B$15=1,D6,D6*(G6+H6*Réforme!$B$16+I6*Réforme!$B$17+J6*Réforme!$B$18+K6*Réforme!$B$19)) -> 0 | N6: =MAX(0,MIN(MAX(0,L6-Calage!$B$12),$R$5)-0)*$S$5+MAX(0,MIN(MAX(0,L6-Calage!$B$12),$R$6)-$R$5)*$S$6+MAX(0,MIN(MAX(0,L6-Calage!$B$12),$R$7)-$R$6)*$S$7+MAX(0,MIN(MAX(0,L6-Calage!$B$12),$R$8)-$R$7)*$S$8+MAX(0,MIN(MAX(0,L6-Calage!$B$12),$R$9)-$R$8)*$S$9+MAX(0,MIN(MAX(0,L6-Calage!$B$12),$R$10)-$R$9)*$S$10+MAX(0,MIN(MAX(0,L6-Calage!$B$12),$R$11)-$R$10)*$S$11 -> 0 | O6: =MAX(0,MIN(MAX(0,M6-Réforme!$B$13),Réforme!$B$5)-0)*Réforme!$C$5+MAX(0,MIN(MAX(0,M6-Réforme!$B$13),Réforme!$B$6)-Réforme!$B$5)*Réforme!$C$6+MAX(0,MIN(MAX(0,M6-Réforme!$B$13),Réforme!$B$7)-Réforme!$B$6)*Réforme!$C$7+MAX(0,MIN(MAX(0,M6-Réforme!$B$13),Réforme!$B$8)-Réforme!$B$7)*Réforme!$C$8+MAX(0,MIN(MAX(0,M6-Réforme!$B$13),Réforme!$B$9)-Réforme!$B$8)*Réforme!$C$9+MAX(0,MIN(MAX(0,M6-Réforme!$B$13),Réforme!$B$10)-Réforme!$B$9)*Réforme!$C$10+MAX(0,MIN(MAX(0,M6-Réforme!$B$13),Réforme!$B$11)-Réforme!$B$10)*Réforme!$C$11 -> 0 | R6: 12109 | S6: 0.1
A7: P10-20 | B7: 0.1 | C7: 15000 | D7: =C7/(1-E7) -> 15000 | E7: 0 | F7: =D7*E7 -> 0 | G7: =Calage!$B$7 -> 0.6 | H7: =0.1*Calage!$B$9 -> 0.054726537 | I7: =0*Calage!$B$10 -> 0 | J7: =0*Calage!$B$11 -> 0 | K7: =1-G7-H7-I7-J7 -> 0.34527346 | L7: =D7*G7 -> 9000 | M7: =IF(Réforme!$B$15=1,D7,D7*(G7+H7*Réforme!$B$16+I7*Réforme!$B$17+J7*Réforme!$B$18+K7*Réforme!$B$19)) -> 15000 | N7: =MAX(0,MIN(MAX(0,L7-Calage!$B$12),$R$5)-0)*$S$5+MAX(0,MIN(MAX(0,L7-Calage!$B$12),$R$6)-$R$5)*$S$6+MAX(0,MIN(MAX(0,L7-Calage!$B$12),$R$7)-$R$6)*$S$7+MAX(0,MIN(MAX(0,L7-Calage!$B$12),$R$8)-$R$7)*$S$8+MAX(0,MIN(MAX(0,L7-Calage!$B$12),$R$9)-$R$8)*$S$9+MAX(0,MIN(MAX(0,L7-Calage!$B$12),$R$10)-$R$9)*$S$10+MAX(0,MIN(MAX(0,L7-Calage!$B$12),$R$11)-$R$10)*$S$11 -> 0 | O7: =MAX(0,MIN(MAX(0,M7-Réforme!$B$13),Réforme!$B$5)-0)*Réforme!$C$5+MAX(0,MIN(MAX(0,M7-Réforme!$B$13),Réforme!$B$6)-Réforme!$B$5)*Réforme!$C$6+MAX(0,MIN(MAX(0,M7-Réforme!$B$13),Réforme!$B$7)-Réforme!$B$6)*Réforme!$C$7+MAX(0,MIN(MAX(0,M7-Réforme!$B$13),Réforme!$B$8)-Réforme!$B$7)*Réforme!$C$8+MAX(0,MIN(MAX(0,M7-Réforme!$B$13),Réforme!$B$9)-Réforme!$B$8)*Réforme!$C$9+MAX(0,MIN(MAX(0,M7-Réforme!$B$13),Réforme!$B$10)-Réforme!$B$9)*Réforme!$C$10+MAX(0,MIN(MAX(0,M7-Réforme!$B$13),Réforme!$B$11)-Réforme!$B$10)*Réforme!$C$11 -> 0 | R7: 15932 | S7: 0.15
A8: P20-30 | B8: 0.1 | C8: 45000 | D8: =C8/(1-E8) -> 45000 | E8: 0 | F8: =D8*E8 -> 0 | G8: =Calage!$B$7 -> 0.6 | H8: =0.1*Calage!$B$9 -> 0.054726537 | I8: =0*Calage!$B$10 -> 0 | J8: =0*Calage!$B$11 -> 0 | K8: =1-G8-H8-I8-J8 -> 0.34527346 | L8: =D8*G8 -> 27000 | M8: =IF(Réforme!$B$15=1,D8,D8*(G8+H8*Réforme!$B$16+I8*Réforme!$B$17+J8*Réforme!$B$18+K8*Réforme!$B$19)) -> 45000 | N8: =MAX(0,MIN(MAX(0,L8-Calage!$B$12),$R$5)-0)*$S$5+MAX(0,MIN(MAX(0,L8-Calage!$B$12),$R$6)-$R$5)*$S$6+MAX(0,MIN(MAX(0,L8-Calage!$B$12),$R$7)-$R$6)*$S$7+MAX(0,MIN(MAX(0,L8-Calage!$B$12),$R$8)-$R$7)*$S$8+MAX(0,MIN(MAX(0,L8-Calage!$B$12),$R$9)-$R$8)*$S$9+MAX(0,MIN(MAX(0,L8-Calage!$B$12),$R$10)-$R$9)*$S$10+MAX(0,MIN(MAX(0,L8-Calage!$B$12),$R$11)-$R$10)*$S$11 -> 0 | O8: =MAX(0,MIN(MAX(0,M8-Réforme!$B$13),Réforme!$B$5)-0)*Réforme!$C$5+MAX(0,MIN(MAX(0,M8-Réforme!$B$13),Réforme!$B$6)-Réforme!$B$5)*Réforme!$C$6+MAX(0,MIN(MAX(0,M8-Réforme!$B$13),Réforme!$B$7)-Réforme!$B$6)*Réforme!$C$7+MAX(0,MIN(MAX(0,M8-Réforme!$B$13),Réforme!$B$8)-Réforme!$B$7)*Réforme!$C$8+MAX(0,MIN(MAX(0,M8-Réforme!$B$13),Réforme!$B$9)-Réforme!$B$8)*Réforme!$C$9+MAX(0,MIN(MAX(0,M8-Réforme!$B$13),Réforme!$B$10)-Réforme!$B$9)*Réforme!$C$10+MAX(0,MIN(MAX(0,M8-Réforme!$B$13),Réforme!$B$11)-Réforme!$B$10)*Réforme!$C$11 -> 0 | R8: 552324 | S8: 0.2
A9: P30-40 | B9: 0.1 | C9: 65000 | D9: =C9/(1-E9) -> 65000 | E9: 0 | F9: =D9*E9 -> 0 | G9: =Calage!$B$7 -> 0.6 | H9: =0.1*Calage!$B$9 -> 0.054726537 | I9: =0*Calage!$B$10 -> 0 | J9: =0*Calage!$B$11 -> 0 | K9: =1-G9-H9-I9-J9 -> 0.34527346 | L9: =D9*G9 -> 39000 | M9: =IF(Réforme!$B$15=1,D9,D9*(G9+H9*Réforme!$B$16+I9*Réforme!$B$17+J9*Réforme!$B$18+K9*Réforme!$B$19)) -> 65000 | N9: =MAX(0,MIN(MAX(0,L9-Calage!$B$12),$R$5)-0)*$S$5+MAX(0,MIN(MAX(0,L9-Calage!$B$12),$R$6)-$R$5)*$S$6+MAX(0,MIN(MAX(0,L9-Calage!$B$12),$R$7)-$R$6)*$S$7+MAX(0,MIN(MAX(0,L9-Calage!$B$12),$R$8)-$R$7)*$S$8+MAX(0,MIN(MAX(0,L9-Calage!$B$12),$R$9)-$R$8)*$S$9+MAX(0,MIN(MAX(0,L9-Calage!$B$12),$R$10)-$R$9)*$S$10+MAX(0,MIN(MAX(0,L9-Calage!$B$12),$R$11)-$R$10)*$S$11 -> 0 | O9: =MAX(0,MIN(MAX(0,M9-Réforme!$B$13),Réforme!$B$5)-0)*Réforme!$C$5+MAX(0,MIN(MAX(0,M9-Réforme!$B$13),Réforme!$B$6)-Réforme!$B$5)*Réforme!$C$6+MAX(0,MIN(MAX(0,M9-Réforme!$B$13),Réforme!$B$7)-Réforme!$B$6)*Réforme!$C$7+MAX(0,MIN(MAX(0,M9-Réforme!$B$13),Réforme!$B$8)-Réforme!$B$7)*Réforme!$C$8+MAX(0,MIN(MAX(0,M9-Réforme!$B$13),Réforme!$B$9)-Réforme!$B$8)*Réforme!$C$9+MAX(0,MIN(MAX(0,M9-Réforme!$B$13),Réforme!$B$10)-Réforme!$B$9)*Réforme!$C$10+MAX(0,MIN(MAX(0,M9-Réforme!$B$13),Réforme!$B$11)-Réforme!$B$10)*Réforme!$C$11 -> 0 | R9: 902838 | S9: 0.3
A10: P40-50 | B10: 0.1 | C10: 65000 | D10: =C10/(1-E10) -> 65000 | E10: 0 | F10: =D10*E10 -> 0 | G10: =Calage!$B$7 -> 0.6 | H10: =0.1*Calage!$B$9 -> 0.054726537 | I10: =0*Calage!$B$10 -> 0 | J10: =0*Calage!$B$11 -> 0 | K10: =1-G10-H10-I10-J10 -> 0.34527346 | L10: =D10*G10 -> 39000 | M10: =IF(Réforme!$B$15=1,D10,D10*(G10+H10*Réforme!$B$16+I10*Réforme!$B$17+J10*Réforme!$B$18+K10*Réforme!$B$19)) -> 65000 | N10: =MAX(0,MIN(MAX(0,L10-Calage!$B$12),$R$5)-0)*$S$5+MAX(0,MIN(MAX(0,L10-Calage!$B$12),$R$6)-$R$5)*$S$6+MAX(0,MIN(MAX(0,L10-Calage!$B$12),$R$7)-$R$6)*$S$7+MAX(0,MIN(MAX(0,L10-Calage!$B$12),$R$8)-$R$7)*$S$8+MAX(0,MIN(MAX(0,L10-Calage!$B$12),$R$9)-$R$8)*$S$9+MAX(0,MIN(MAX(0,L10-Calage!$B$12),$R$10)-$R$9)*$S$10+MAX(0,MIN(MAX(0,L10-Calage!$B$12),$R$11)-$R$10)*$S$11 -> 0 | O10: =MAX(0,MIN(MAX(0,M10-Réforme!$B$13),Réforme!$B$5)-0)*Réforme!$C$5+MAX(0,MIN(MAX(0,M10-Réforme!$B$13),Réforme!$B$6)-Réforme!$B$5)*Réforme!$C$6+MAX(0,MIN(MAX(0,M10-Réforme!$B$13),Réforme!$B$7)-Réforme!$B$6)*Réforme!$C$7+MAX(0,MIN(MAX(0,M10-Réforme!$B$13),Réforme!$B$8)-Réforme!$B$7)*Réforme!$C$8+MAX(0,MIN(MAX(0,M10-Réforme!$B$13),Réforme!$B$9)-Réforme!$B$8)*Réforme!$C$9+MAX(0,MIN(MAX(0,M10-Réforme!$B$13),Réforme!$B$10)-Réforme!$B$9)*Réforme!$C$10+MAX(0,MIN(MAX(0,M10-Réforme!$B$13),Réforme!$B$11)-Réforme!$B$10)*Réforme!$C$11 -> 0 | R10: 1805677 | S10: 0.4
A11: P50-60 | B11: 0.1 | C11: 70000 | D11: =C11/(1-E11) -> 70000 | E11: 0 | F11: =D11*E11 -> 0 | G11: =Calage!$B$7 -> 0.6 | H11: =0.15*Calage!$B$9 -> 0.082089806 | I11: =0*Calage!$B$10 -> 0 | J11: =0*Calage!$B$11 -> 0 | K11: =1-G11-H11-I11-J11 -> 0.31791019 | L11: =D11*G11 -> 42000 | M11: =IF(Réforme!$B$15=1,D11,D11*(G11+H11*Réforme!$B$16+I11*Réforme!$B$17+J11*Réforme!$B$18+K11*Réforme!$B$19)) -> 70000 | N11: =MAX(0,MIN(MAX(0,L11-Calage!$B$12),$R$5)-0)*$S$5+MAX(0,MIN(MAX(0,L11-Calage!$B$12),$R$6)-$R$5)*$S$6+MAX(0,MIN(MAX(0,L11-Calage!$B$12),$R$7)-$R$6)*$S$7+MAX(0,MIN(MAX(0,L11-Calage!$B$12),$R$8)-$R$7)*$S$8+MAX(0,MIN(MAX(0,L11-Calage!$B$12),$R$9)-$R$8)*$S$9+MAX(0,MIN(MAX(0,L11-Calage!$B$12),$R$10)-$R$9)*$S$10+MAX(0,MIN(MAX(0,L11-Calage!$B$12),$R$11)-$R$10)*$S$11 -> 0 | O11: =MAX(0,MIN(MAX(0,M11-Réforme!$B$13),Réforme!$B$5)-0)*Réforme!$C$5+MAX(0,MIN(MAX(0,M11-Réforme!$B$13),Réforme!$B$6)-Réforme!$B$5)*Réforme!$C$6+MAX(0,MIN(MAX(0,M11-Réforme!$B$13),Réforme!$B$7)-Réforme!$B$6)*Réforme!$C$7+MAX(0,MIN(MAX(0,M11-Réforme!$B$13),Réforme!$B$8)-Réforme!$B$7)*Réforme!$C$8+MAX(0,MIN(MAX(0,M11-Réforme!$B$13),Réforme!$B$9)-Réforme!$B$8)*Réforme!$C$9+MAX(0,MIN(MAX(0,M11-Réforme!$B$13),Réforme!$B$10)-Réforme!$B$9)*Réforme!$C$10+MAX(0,MIN(MAX(0,M11-Réforme!$B$13),Réforme!$B$11)-Réforme!$B$10)*Réforme!$C$11 -> 0 | R11: 1e+15 | S11: 0.45
A12: P60-70 | B12: 0.1 | C12: 80000 | D12: =C12/(1-E12) -> 80808.081 | E12: 0.01 | F12: =D12*E12 -> 808.08081 | G12: =0.01/0.016 -> 0.625 | H12: =0.15*Calage!$B$9 -> 0.082089806 | I12: =0*Calage!$B$10 -> 0 | J12: =0.005*Calage!$B$11 -> 0.003937552 | K12: =1-G12-H12-I12-J12 -> 0.28897264 | L12: =D12*G12 -> 50505.051 | M12: =IF(Réforme!$B$15=1,D12,D12*(G12+H12*Réforme!$B$16+I12*Réforme!$B$17+J12*Réforme!$B$18+K12*Réforme!$B$19)) -> 80595.957 | N12: =MAX(0,MIN(MAX(0,L12-Calage!$B$12),$R$5)-0)*$S$5+MAX(0,MIN(MAX(0,L12-Calage!$B$12),$R$6)-$R$5)*$S$6+MAX(0,MIN(MAX(0,L12-Calage!$B$12),$R$7)-$R$6)*$S$7+MAX(0,MIN(MAX(0,L12-Calage!$B$12),$R$8)-$R$7)*$S$8+MAX(0,MIN(MAX(0,L12-Calage!$B$12),$R$9)-$R$8)*$S$9+MAX(0,MIN(MAX(0,L12-Calage!$B$12),$R$10)-$R$9)*$S$10+MAX(0,MIN(MAX(0,L12-Calage!$B$12),$R$11)-$R$10)*$S$11 -> 0 | O12: =MAX(0,MIN(MAX(0,M12-Réforme!$B$13),Réforme!$B$5)-0)*Réforme!$C$5+MAX(0,MIN(MAX(0,M12-Réforme!$B$13),Réforme!$B$6)-Réforme!$B$5)*Réforme!$C$6+MAX(0,MIN(MAX(0,M12-Réforme!$B$13),Réforme!$B$7)-Réforme!$B$6)*Réforme!$C$7+MAX(0,MIN(MAX(0,M12-Réforme!$B$13),Réforme!$B$8)-Réforme!$B$7)*Réforme!$C$8+MAX(0,MIN(MAX(0,M12-Réforme!$B$13),Réforme!$B$9)-Réforme!$B$8)*Réforme!$C$9+MAX(0,MIN(MAX(0,M12-Réforme!$B$13),Réforme!$B$10)-Réforme!$B$9)*Réforme!$C$10+MAX(0,MIN(MAX(0,M12-Réforme!$B$13),Réforme!$B$11)-Réforme!$B$10)*Réforme!$C$11 -> 0
A13: P70-80 | B13: 0.1 | C13: 165000 | D13: =C13/(1-E13) -> 167004.05 | E13: 0.012 | F13: =D13*E13 -> 2004.0486 | G13: =0.012/0.026 -> 0.46153846 | H13: =0.15*Calage!$B$9 -> 0.082089806 | I13: =0*Calage!$B$10 -> 0 | J13: =0.005*Calage!$B$11 -> 0.003937552 | K13: =1-G13-H13-I13-J13 -> 0.45243418 | L13: =D13*G13 -> 77078.792 | M13: =IF(Réforme!$B$15=1,D13,D13*(G13+H13*Réforme!$B$16+I13*Réforme!$B$17+J13*Réforme!$B$18+K13*Réforme!$B$19)) -> 166565.66 | N13: =MAX(0,MIN(MAX(0,L13-Calage!$B$12),$R$5)-0)*$S$5+MAX(0,MIN(MAX(0,L13-Calage!$B$12),$R$6)-$R$5)*$S$6+MAX(0,MIN(MAX(0,L13-Calage!$B$12),$R$7)-$R$6)*$S$7+MAX(0,MIN(MAX(0,L13-Calage!$B$12),$R$8)-$R$7)*$S$8+MAX(0,MIN(MAX(0,L13-Calage!$B$12),$R$9)-$R$8)*$S$9+MAX(0,MIN(MAX(0,L13-Calage!$B$12),$R$10)-$R$9)*$S$10+MAX(0,MIN(MAX(0,L13-Calage!$B$12),$R$11)-$R$10)*$S$11 -> 0 | O13: =MAX(0,MIN(MAX(0,M13-Réforme!$B$13),Réforme!$B$5)-0)*Réforme!$C$5+MAX(0,MIN(MAX(0,M13-Réforme!$B$13),Réforme!$B$6)-Réforme!$B$5)*Réforme!$C$6+MAX(0,MIN(MAX(0,M13-Réforme!$B$13),Réforme!$B$7)-Réforme!$B$6)*Réforme!$C$7+MAX(0,MIN(MAX(0,M13-Réforme!$B$13),Réforme!$B$8)-Réforme!$B$7)*Réforme!$C$8+MAX(0,MIN(MAX(0,M13-Réforme!$B$13),Réforme!$B$9)-Réforme!$B$8)*Réforme!$C$9+MAX(0,MIN(MAX(0,M13-Réforme!$B$13),Réforme!$B$10)-Réforme!$B$9)*Réforme!$C$10+MAX(0,MIN(MAX(0,M13-Réforme!$B$13),Réforme!$B$11)-Réforme!$B$10)*Réforme!$C$11 -> 0
A14: P80-90 | B14: 0.1 | C14: 290000 | D14: =C14/(1-E14) -> 296220.63 | E14: 0.021 | F14: =D14*E14 -> 6220.6333 | G14: =0.021/0.047 -> 0.44680851 | H14: =0.15*Calage!$B$9 -> 0.082089806 | I14: =0.02*Calage!$B$10 -> 0.014029032 | J14: =0.005*Calage!$B$11 -> 0.003937552 | K14: =1-G14-H14-I14-J14 -> 0.4531351 | L14: =D14*G14 -> 132353.9 | M14: =IF(Réforme!$B$15=1,D14,D14*(G14+H14*Réforme!$B$16+I14*Réforme!$B$17+J14*Réforme!$B$18+K14*Réforme!$B$19)) -> 295443.04 | N14: =MAX(0,MIN(MAX(0,L14-Calage!$B$12),$R$5)-0)*$S$5+MAX(0,MIN(MAX(0,L14-Calage!$B$12),$R$6)-$R$5)*$S$6+MAX(0,MIN(MAX(0,L14-Calage!$B$12),$R$7)-$R$6)*$S$7+MAX(0,MIN(MAX(0,L14-Calage!$B$12),$R$8)-$R$7)*$S$8+MAX(0,MIN(MAX(0,L14-Calage!$B$12),$R$9)-$R$8)*$S$9+MAX(0,MIN(MAX(0,L14-Calage!$B$12),$R$10)-$R$9)*$S$10+MAX(0,MIN(MAX(0,L14-Calage!$B$12),$R$11)-$R$10)*$S$11 -> 4665.13 | O14: =MAX(0,MIN(MAX(0,M14-Réforme!$B$13),Réforme!$B$5)-0)*Réforme!$C$5+MAX(0,MIN(MAX(0,M14-Réforme!$B$13),Réforme!$B$6)-Réforme!$B$5)*Réforme!$C$6+MAX(0,MIN(MAX(0,M14-Réforme!$B$13),Réforme!$B$7)-Réforme!$B$6)*Réforme!$C$7+MAX(0,MIN(MAX(0,M14-Réforme!$B$13),Réforme!$B$8)-Réforme!$B$7)*Réforme!$C$8+MAX(0,MIN(MAX(0,M14-Réforme!$B$13),Réforme!$B$9)-Réforme!$B$8)*Réforme!$C$9+MAX(0,MIN(MAX(0,M14-Réforme!$B$13),Réforme!$B$10)-Réforme!$B$9)*Réforme!$C$10+MAX(0,MIN(MAX(0,M14-Réforme!$B$13),Réforme!$B$11)-Réforme!$B$10)*Réforme!$C$11 -> 4772.1522
A15: P90-95 | B15: 0.05 | C15: 480000 | D15: =C15/(1-E15) -> 500000 | E15: 0.04 | F15: =D15*E15 -> 20000 | G15: =0.04/0.098 -> 0.40816327 | H15: =0.18*Calage!$B$9 -> 0.098507767 | I15: =0.05*Calage!$B$10 -> 0.035072581 | J15: =0.01*Calage!$B$11 -> 0.0078751041 | K15: =1-G15-H15-I15-J15 -> 0.45038128 | L15: =D15*G15 -> 204081.63 | M15: =IF(Réforme!$B$15=1,D15,D15*(G15+H15*Réforme!$B$16+I15*Réforme!$B$17+J15*Réforme!$B$18+K15*Réforme!$B$19)) -> 497374.97 | N15: =MAX(0,MIN(MAX(0,L15-Calage!$B$12),$R$5)-0)*$S$5+MAX(0,MIN(MAX(0,L15-Calage!$B$12),$R$6)-$R$5)*$S$6+MAX(0,MIN(MAX(0,L15-Calage!$B$12),$R$7)-$R$6)*$S$7+MAX(0,MIN(MAX(0,L15-Calage!$B$12),$R$8)-$R$7)*$S$8+MAX(0,MIN(MAX(0,L15-Calage!$B$12),$R$9)-$R$8)*$S$9+MAX(0,MIN(MAX(0,L15-Calage!$B$12),$R$10)-$R$9)*$S$10+MAX(0,MIN(MAX(0,L15-Calage!$B$12),$R$11)-$R$10)*$S$11 -> 19010.677 | O15: =MAX(0,MIN(MAX(0,M15-Réforme!$B$13),Réforme!$B$5)-0)*Réforme!$C$5+MAX(0,MIN(MAX(0,M15-Réforme!$B$13),Réforme!$B$6)-Réforme!$B$5)*Réforme!$C$6+MAX(0,MIN(MAX(0,M15-Réforme!$B$13),Réforme!$B$7)-Réforme!$B$6)*Réforme!$C$7+MAX(0,MIN(MAX(0,M15-Réforme!$B$13),Réforme!$B$8)-Réforme!$B$7)*Réforme!$C$8+MAX(0,MIN(MAX(0,M15-Réforme!$B$13),Réforme!$B$9)-Réforme!$B$8)*Réforme!$C$9+MAX(0,MIN(MAX(0,M15-Réforme!$B$13),Réforme!$B$10)-Réforme!$B$9)*Réforme!$C$10+MAX(0,MIN(MAX(0,M15-Réforme!$B$13),Réforme!$B$11)-Réforme!$B$10)*Réforme!$C$11 -> 14868.748
A16: P95-99 | B16: 0.04 | C16: 1050000 | D16: =C16/(1-E16) -> 1121794.9 | E16: 0.064 | F16: =D16*E16 -> 71794.872 | G16: =0.064/0.164 -> 0.3902439 | H16: =0.18*Calage!$B$9 -> 0.098507767 | I16: =0.05*Calage!$B$10 -> 0.035072581 | J16: =0.02*Calage!$B$11 -> 0.015750208 | K16: =1-G16-H16-I16-J16 -> 0.46042554 | L16: =D16*G16 -> 437773.61 | M16: =IF(Réforme!$B$15=1,D16,D16*(G16+H16*Réforme!$B$16+I16*Réforme!$B$17+J16*Réforme!$B$18+K16*Réforme!$B$19)) -> 1110015.9 | N16: =MAX(0,MIN(MAX(0,L16-Calage!$B$12),$R$5)-0)*$S$5+MAX(0,MIN(MAX(0,L16-Calage!$B$12),$R$6)-$R$5)*$S$6+MAX(0,MIN(MAX(0,L16-Calage!$B$12),$R$7)-$R$6)*$S$7+MAX(0,MIN(MAX(0,L16-Calage!$B$12),$R$8)-$R$7)*$S$8+MAX(0,MIN(MAX(0,L16-Calage!$B$12),$R$9)-$R$8)*$S$9+MAX(0,MIN(MAX(0,L16-Calage!$B$12),$R$10)-$R$9)*$S$10+MAX(0,MIN(MAX(0,L16-Calage!$B$12),$R$11)-$R$10)*$S$11 -> 65749.072 | O16: =MAX(0,MIN(MAX(0,M16-Réforme!$B$13),Réforme!$B$5)-0)*Réforme!$C$5+MAX(0,MIN(MAX(0,M16-Réforme!$B$13),Réforme!$B$6)-Réforme!$B$5)*Réforme!$C$6+MAX(0,MIN(MAX(0,M16-Réforme!$B$13),Réforme!$B$7)-Réforme!$B$6)*Réforme!$C$7+MAX(0,MIN(MAX(0,M16-Réforme!$B$13),Réforme!$B$8)-Réforme!$B$7)*Réforme!$C$8+MAX(0,MIN(MAX(0,M16-Réforme!$B$13),Réforme!$B$9)-Réforme!$B$8)*Réforme!$C$9+MAX(0,MIN(MAX(0,M16-Réforme!$B$13),Réforme!$B$10)-Réforme!$B$9)*Réforme!$C$10+MAX(0,MIN(MAX(0,M16-Réforme!$B$13),Réforme!$B$11)-Réforme!$B$10)*Réforme!$C$11 -> 76502.38
A17: P99-99,5 | B17: 0.005 | C17: 2500000 | D17: =C17/(1-E17) -> 2688172 | E17: 0.07 | F17: =D17*E17 -> 188172.04 | G17: =0.07/0.198 -> 0.35353535 | H17: =0.12*Calage!$B$9 -> 0.065671845 | I17: =0.08*Calage!$B$10 -> 0.056116129 | J17: =0.04*Calage!$B$11 -> 0.031500416 | K17: =1-G17-H17-I17-J17 -> 0.49317626 | L17: =D17*G17 -> 950363.85 | M17: =IF(Réforme!$B$15=1,D17,D17*(G17+H17*Réforme!$B$16+I17*Réforme!$B$17+J17*Réforme!$B$18+K17*Réforme!$B$19)) -> 2631719.7 | N17: =MAX(0,MIN(MAX(0,L17-Calage!$B$12),$R$5)-0)*$S$5+MAX(0,MIN(MAX(0,L17-Calage!$B$12),$R$6)-$R$5)*$S$6+MAX(0,MIN(MAX(0,L17-Calage!$B$12),$R$7)-$R$6)*$S$7+MAX(0,MIN(MAX(0,L17-Calage!$B$12),$R$8)-$R$7)*$S$8+MAX(0,MIN(MAX(0,L17-Calage!$B$12),$R$9)-$R$8)*$S$9+MAX(0,MIN(MAX(0,L17-Calage!$B$12),$R$10)-$R$9)*$S$10+MAX(0,MIN(MAX(0,L17-Calage!$B$12),$R$11)-$R$10)*$S$11 -> 198071.11 | O17: =MAX(0,MIN(MAX(0,M17-Réforme!$B$13),Réforme!$B$5)-0)*Réforme!$C$5+MAX(0,MIN(MAX(0,M17-Réforme!$B$13),Réforme!$B$6)-Réforme!$B$5)*Réforme!$C$6+MAX(0,MIN(MAX(0,M17-Réforme!$B$13),Réforme!$B$7)-Réforme!$B$6)*Réforme!$C$7+MAX(0,MIN(MAX(0,M17-Réforme!$B$13),Réforme!$B$8)-Réforme!$B$7)*Réforme!$C$8+MAX(0,MIN(MAX(0,M17-Réforme!$B$13),Réforme!$B$9)-Réforme!$B$8)*Réforme!$C$9+MAX(0,MIN(MAX(0,M17-Réforme!$B$13),Réforme!$B$10)-Réforme!$B$9)*Réforme!$C$10+MAX(0,MIN(MAX(0,M17-Réforme!$B$13),Réforme!$B$11)-Réforme!$B$10)*Réforme!$C$11 -> 511101.89
A18: P99,5-99,9 | B18: 0.004 | C18: 4000000 | D18: =C18/(1-E18) -> 4362050.2 | E18: 0.083 | F18: =D18*E18 -> 362050.16 | G18: =0.083/0.223 -> 0.37219731 | H18: =0.12*Calage!$B$9 -> 0.065671845 | I18: =0.08*Calage!$B$10 -> 0.056116129 | J18: =0.1*Calage!$B$11 -> 0.078751041 | K18: =1-G18-H18-I18-J18 -> 0.42726368 | L18: =D18*G18 -> 1623543.3 | M18: =IF(Réforme!$B$15=1,D18,D18*(G18+H18*Réforme!$B$16+I18*Réforme!$B$17+J18*Réforme!$B$18+K18*Réforme!$B$19)) -> 4133039.5 | N18: =MAX(0,MIN(MAX(0,L18-Calage!$B$12),$R$5)-0)*$S$5+MAX(0,MIN(MAX(0,L18-Calage!$B$12),$R$6)-$R$5)*$S$6+MAX(0,MIN(MAX(0,L18-Calage!$B$12),$R$7)-$R$6)*$S$7+MAX(0,MIN(MAX(0,L18-Calage!$B$12),$R$8)-$R$7)*$S$8+MAX(0,MIN(MAX(0,L18-Calage!$B$12),$R$9)-$R$8)*$S$9+MAX(0,MIN(MAX(0,L18-Calage!$B$12),$R$10)-$R$9)*$S$10+MAX(0,MIN(MAX(0,L18-Calage!$B$12),$R$11)-$R$10)*$S$11 -> 462095.48 | O18: =MAX(0,MIN(MAX(0,M18-Réforme!$B$13),Réforme!$B$5)-0)*Réforme!$C$5+MAX(0,MIN(MAX(0,M18-Réforme!$B$13),Réforme!$B$6)-Réforme!$B$5)*Réforme!$C$6+MAX(0,MIN(MAX(0,M18-Réforme!$B$13),Réforme!$B$7)-Réforme!$B$6)*Réforme!$C$7+MAX(0,MIN(MAX(0,M18-Réforme!$B$13),Réforme!$B$8)-Réforme!$B$7)*Réforme!$C$8+MAX(0,MIN(MAX(0,M18-Réforme!$B$13),Réforme!$B$9)-Réforme!$B$8)*Réforme!$C$9+MAX(0,MIN(MAX(0,M18-Réforme!$B$13),Réforme!$B$10)-Réforme!$B$9)*Réforme!$C$10+MAX(0,MIN(MAX(0,M18-Réforme!$B$13),Réforme!$B$11)-Réforme!$B$10)*Réforme!$C$11 -> 1049867.8
A19: P99,9-100 | B19: 0.001 | C19: 12900000 | D19: =C19/(1-E19) -> 14317425 | E19: 0.099 | F19: =D19*E19 -> 1417425.1 | G19: =0.099/0.31 -> 0.31935484 | H19: =0.06*Calage!$B$9 -> 0.032835922 | I19: =0.08*Calage!$B$10 -> 0.056116129 | J19: =0.3*Calage!$B$11 -> 0.23625312 | K19: =1-G19-H19-I19-J19 -> 0.35543999 | L19: =D19*G19 -> 4572339 | M19: =IF(Réforme!$B$15=1,D19,D19*(G19+H19*Réforme!$B$16+I19*Réforme!$B$17+J19*Réforme!$B$18+K19*Réforme!$B$19)) -> 12062401 | N19: =MAX(0,MIN(MAX(0,L19-Calage!$B$12),$R$5)-0)*$S$5+MAX(0,MIN(MAX(0,L19-Calage!$B$12),$R$6)-$R$5)*$S$6+MAX(0,MIN(MAX(0,L19-Calage!$B$12),$R$7)-$R$6)*$S$7+MAX(0,MIN(MAX(0,L19-Calage!$B$12),$R$8)-$R$7)*$S$8+MAX(0,MIN(MAX(0,L19-Calage!$B$12),$R$9)-$R$8)*$S$9+MAX(0,MIN(MAX(0,L19-Calage!$B$12),$R$10)-$R$9)*$S$10+MAX(0,MIN(MAX(0,L19-Calage!$B$12),$R$11)-$R$10)*$S$11 -> 1774946.8 | O19: =MAX(0,MIN(MAX(0,M19-Réforme!$B$13),Réforme!$B$5)-0)*Réforme!$C$5+MAX(0,MIN(MAX(0,M19-Réforme!$B$13),Réforme!$B$6)-Réforme!$B$5)*Réforme!$C$6+MAX(0,MIN(MAX(0,M19-Réforme!$B$13),Réforme!$B$7)-Réforme!$B$6)*Réforme!$C$7+MAX(0,MIN(MAX(0,M19-Réforme!$B$13),Réforme!$B$8)-Réforme!$B$7)*Réforme!$C$8+MAX(0,MIN(MAX(0,M19-Réforme!$B$13),Réforme!$B$9)-Réforme!$B$8)*Réforme!$C$9+MAX(0,MIN(MAX(0,M19-Réforme!$B$13),Réforme!$B$10)-Réforme!$B$9)*Réforme!$C$10+MAX(0,MIN(MAX(0,M19-Réforme!$B$13),Réforme!$B$11)-Réforme!$B$10)*Réforme!$C$11 -> 4921200.4

Sheet Résultats
A1: Recettes de 2025 à 2040 (Md€ courants)
A3: Recettes actuelles du modèle, époque CAE (Md€) | D3: =Calage!$B$5*SUMPRODUCT(Tranches!$B$6:$B$19,Tranches!$N$6:$N$19)/1000000000 -> 15.138326
A4: Recettes de la réforme, époque CAE (Md€) | D4: =Calage!$B$5*SUMPRODUCT(Tranches!$B$6:$B$19,Tranches!$O$6:$O$19)/1000000000 -> 27.891667
A6: Année | B6: Flux (Md€) | C6: Droits actuels | D6: Supplément barème | E6: Plus-values | F6: Supplément total | G6: Plus-values top 1 % (FJJ)
A7: 2025 | B7: 464 | C7: =$D$3*B7/Calage!$B$6 -> 20.557244 | D7: =($D$4-$D$3)*B7/Calage!$B$6 -> 17.318529 | E7: =G7*IF(Réforme!$B$15=1,2,Réforme!$B$20) -> 6.62 | F7: =D7+E7 -> 23.938529 | G7: 6.62
A8: 2026 | B8: 476 | C8: =$D$3*B8/Calage!$B$6 -> 21.088897 | D8: =($D$4-$D$3)*B8/Calage!$B$6 -> 17.766422 | E8: =G8*IF(Réforme!$B$15=1,2,Réforme!$B$20) -> 6.95 | F8: =D8+E8 -> 24.716422 | G8: 6.95
A9: 2027 | B9: 489 | C9: =$D$3*B9/Calage!$B$6 -> 21.664854 | D9: =($D$4-$D$3)*B9/Calage!$B$6 -> 18.251639 | E9: =G9*IF(Réforme!$B$15=1,2,Réforme!$B$20) -> 7.3 | F9: =D9+E9 -> 25.551639 | G9: 7.3
A10: 2028 | B10: 502 | C10: =$D$3*B10/Calage!$B$6 -> 22.240811 | D10: =($D$4-$D$3)*B10/Calage!$B$6 -> 18.736856 | E10: =G10*IF(Réforme!$B$15=1,2,Réforme!$B$20) -> 7.67 | F10: =D10+E10 -> 26.406856 | G10: 7.67
A11: 2029 | B11: 516 | C11: =$D$3*B11/Calage!$B$6 -> 22.861073 | D11: =($D$4-$D$3)*B11/Calage!$B$6 -> 19.259398 | E11: =G11*IF(Réforme!$B$15=1,2,Réforme!$B$20) -> 8.05 | F11: =D11+E11 -> 27.309398 | G11: 8.05
A12: 2030 | B12: 529 | C12: =$D$3*B12/Calage!$B$6 -> 23.43703 | D12: =($D$4-$D$3)*B12/Calage!$B$6 -> 19.744616 | E12: =G12*IF(Réforme!$B$15=1,2,Réforme!$B$20) -> 8.45 | F12: =D12+E12 -> 28.194616 | G12: 8.45
A13: 2031 | B13: 543 | C13: =$D$3*B13/Calage!$B$6 -> 24.057292 | D13: =($D$4-$D$3)*B13/Calage!$B$6 -> 20.267158 | E13: =G13*IF(Réforme!$B$15=1,2,Réforme!$B$20) -> 8.87 | F13: =D13+E13 -> 29.137158 | G13: 8.87
A14: 2032 | B14: 557 | C14: =$D$3*B14/Calage!$B$6 -> 24.677553 | D14: =($D$4-$D$3)*B14/Calage!$B$6 -> 20.789699 | E14: =G14*IF(Réforme!$B$15=1,2,Réforme!$B$20) -> 9.36 | F14: =D14+E14 -> 30.149699 | G14: 9.36
A15: 2033 | B15: 571 | C15: =$D$3*B15/Calage!$B$6 -> 25.297815 | D15: =($D$4-$D$3)*B15/Calage!$B$6 -> 21.312241 | E15: =G15*IF(Réforme!$B$15=1,2,Réforme!$B$20) -> 9.86 | F15: =D15+E15 -> 31.172241 | G15: 9.86
A16: 2034 | B16: 585 | C16: =$D$3*B16/Calage!$B$6 -> 25.918077 | D16: =($D$4-$D$3)*B16/Calage!$B$6 -> 21.834783 | E16: =G16*IF(Réforme!$B$15=1,2,Réforme!$B$20) -> 10.39 | F16: =D16+E16 -> 32.224783 | G16: 10.39
A17: 2035 | B17: 600 | C17: =$D$3*B17/Calage!$B$6 -> 26.582643 | D17: =($D$4-$D$3)*B17/Calage!$B$6 -> 22.394649 | E17: =G17*IF(Réforme!$B$15=1,2,Réforme!$B$20) -> 10.95 | F17: =D17+E17 -> 33.344649 | G17: 10.95
A18: 2036 | B18: 615 | C18: =$D$3*B18/Calage!$B$6 -> 27.247209 | D18: =($D$4-$D$3)*B18/Calage!$B$6 -> 22.954515 | E18: =G18*IF(Réforme!$B$15=1,2,Réforme!$B$20) -> 11.54 | F18: =D18+E18 -> 34.494515 | G18: 11.54
... A22: 2040 | B22: 677 | C22: =$D$3*B22/Calage!$B$6 -> 29.994082 | D22: =($D$4-$D$3)*B22/Calage!$B$6 -> 25.268629 | E22: =G22*IF(Réforme!$B$15=1,2,Réforme!$B$20) -> 14.26 | F22: =D22+E22 -> 39.528629 | G22: 14.26
A24: Total 2025-2040 | F24: =SUM(F7:F22) -> 496.9892
A26: Contrôle : supplément 2025 du site (IGS) | F26: 23.9385
A27: Écart classeur − site (doit être nul) | F27: =ROUND(F7-F26,2) -> 0

Sheet Sources
A1: Sources
A3: Donnée | B3: Source | C3: Lien
A4: Tranches d'héritiers, taux payés, recettes et coûts des niches | B4: CAE, « Repenser l'héritage », note n° 69 et Focus n° 77, 2021 | C4: https://www.cae-eco.fr/repenser-lheritage
A5: Flux successoral 2025-2040, plus-values latentes du top 1 %, barème de l'IGS | B5: Fondation Jean-Jaurès, novembre 2024, tableaux 1, 6 et 8 | C5: https://www.jean-jaures.org/publication/face-a-la-grande-transmission-limpot-sur-les-grandes-successions/
A6: Barème actuel en ligne directe | B6: Code général des impôts, art. 777 et 779 | C6: https://www.legifrance.gouv.fr/
